
    INSERT INTO abilities_table (ability_id, ability_name, type, uses, hitrate, value)
    VALUES ('cca84005-5a30-4e0d-a6df-1a8fa61654ad', 'Tackle', 'Normal', 15, 100, 10);
    

    INSERT INTO abilities_table (ability_id, ability_name, type, uses, hitrate, value)
    VALUES ('8c4cfe4d-479f-4fb7-9403-6fc2a0bd0520', 'Vine Whip', 'Grass', 10, 90, 13);
    

    INSERT INTO abilities_table (ability_id, ability_name, type, uses, hitrate, value)
    VALUES ('09dfc037-616a-4274-8a9a-e26f03229738', 'Ember', 'Fire', 10, 90, 13);
    

    INSERT INTO abilities_table (ability_id, ability_name, type, uses, hitrate, value)
    VALUES ('debaf730-cb24-4a75-861d-b144a426968f', 'Water Gun', 'Water', 10, 90, 12);
    

    INSERT INTO abilities_table (ability_id, ability_name, type, uses, hitrate, value)
    VALUES ('b6842384-4b76-4ca9-b49e-ef7c3a6a10ed', 'Thunderbolt', 'Electric', 10, 90, 14);
    

    INSERT INTO abilities_table (ability_id, ability_name, type, uses, hitrate, value)
    VALUES ('af429222-27d5-4771-abae-46d76f234ab4', 'Quick Attack', 'Normal', 15, 100, 10);
    

    INSERT INTO abilities_table (ability_id, ability_name, type, uses, hitrate, value)
    VALUES ('6404ac01-7d40-4b9a-9e3c-f0e6ec78f6c2', 'Flamethrower', 'Fire', 10, 85, 18);
    

    INSERT INTO abilities_table (ability_id, ability_name, type, uses, hitrate, value)
    VALUES ('0d6bfbc8-d17e-4c66-a8a1-06d65475f00f', 'Hydro Pump', 'Water', 8, 80, 20);
    

    INSERT INTO abilities_table (ability_id, ability_name, type, uses, hitrate, value)
    VALUES ('c880e241-5296-4286-885c-d59819248be3', 'Razor Leaf', 'Grass', 10, 95, 14);
    

    INSERT INTO abilities_table (ability_id, ability_name, type, uses, hitrate, value)
    VALUES ('b4dcff93-d520-4822-9338-fb15616e5b90', 'Ice Beam', 'Ice', 10, 90, 16);
    

    INSERT INTO abilities_table (ability_id, ability_name, type, uses, hitrate, value)
    VALUES ('5a3c4072-1779-4609-bca8-95ffb5a3d8bd', 'Earthquake', 'Ground', 8, 85, 19);
    

    INSERT INTO abilities_table (ability_id, ability_name, type, uses, hitrate, value)
    VALUES ('8aca389f-4a70-4287-a318-6c42ee5dbca5', 'Psychic', 'Psychic', 10, 85, 17);

    INSERT INTO abilities_table (ability_id, ability_name, type, uses, hitrate, value)
    VALUES ('5860c1eb-5c38-46f5-a6a0-174fc9caedf8', 'Rock Throw', 'Rock', 10, 90, 15);
    

    INSERT INTO abilities_table (ability_id, ability_name, type, uses, hitrate, value)
    VALUES ('43fe0f77-06aa-491b-a03f-a1a9ed7b47d2', 'Thunder Wave', 'Electric', 12, 90, 0);
    

    INSERT INTO abilities_table (ability_id, ability_name, type, uses, hitrate, value)
    VALUES ('f8dcf60b-604b-4ca9-9e16-c44d79996497', 'Sleep Powder', 'Grass', 10, 75, 0);
    

    INSERT INTO abilities_table (ability_id, ability_name, type, uses, hitrate, value)
    VALUES ('ac5ca494-93de-4f3b-91b1-6627d4375105', 'Bubble Beam', 'Water', 12, 90, 11);

    INSERT INTO abilities_table (ability_id, ability_name, type, uses, hitrate, value)
    VALUES ('7f8a9b0c-1d2e-3f4a-5b6c-7d8e9f0a1b2c', 'Solar Beam', 'Grass', 8, 85, 20);
    

    INSERT INTO abilities_table (ability_id, ability_name, type, uses, hitrate, value)
    VALUES ('8a9b0c1d-2e3f-4a5b-6c7d-8e9f0a1b2c3d', 'Fire Blast', 'Fire', 6, 80, 22);
    

    INSERT INTO abilities_table (ability_id, ability_name, type, uses, hitrate, value)
    VALUES ('9b0c1d2e-3f4a-5b6c-7d8e-9f0a1b2c3d4e', 'Blizzard', 'Ice', 6, 70, 21);
    

    INSERT INTO abilities_table (ability_id, ability_name, type, uses, hitrate, value)
    VALUES ('0c1d2e3f-4a5b-6c7d-8e9f-0a1b2c3d4e5f', 'Thunder', 'Electric', 8, 70, 20);
    

    INSERT INTO abilities_table (ability_id, ability_name, type, uses, hitrate, value)
    VALUES ('1d2e3f4a-5b6c-7d8e-9f0a-1b2c3d4e5f6a', 'Rock Slide', 'Rock', 10, 90, 15);
    

    INSERT INTO abilities_table (ability_id, ability_name, type, uses, hitrate, value)
    VALUES ('2e3f4a5b-6c7d-8e9f-0a1b-2c3d4e5f6a7b', 'Poison Sting', 'Poison', 15, 100, 8);
    

    INSERT INTO abilities_table (ability_id, ability_name, type, uses, hitrate, value)
    VALUES ('3f4a5b6c-7d8e-9f0a-1b2c-3d4e5f6a7b8c', 'Confusion', 'Psychic', 12, 90, 12);
    

    INSERT INTO abilities_table (ability_id, ability_name, type, uses, hitrate, value)
    VALUES ('4a5b6c7d-8e9f-0a1b-2c3d-4e5f6a7b8c9d', 'Wing Attack', 'Flying', 10, 95, 13);

    -- Additional abilities from battle system
    INSERT INTO abilities_table (ability_id, ability_name, type, uses, hitrate, value)
    VALUES ('5b6c7d8e-9f0a-1b2c-3d4e-5f6a7b8c9d0e', 'Bubble', 'Water', 10, 95, 10);
    
    INSERT INTO abilities_table (ability_id, ability_name, type, uses, hitrate, value)
    VALUES ('6c7d8e9f-0a1b-2c3d-4e5f-6a7b8c9d0e1f', 'Withdraw', 'Water', 10, 100, 0);
    
    INSERT INTO abilities_table (ability_id, ability_name, type, uses, hitrate, value)
    VALUES ('7d8e9f0a-1b2c-3d4e-5f6a-7b8c9d0e1f2a', 'Growl', 'Normal', 10, 100, 0);
    
    INSERT INTO abilities_table (ability_id, ability_name, type, uses, hitrate, value)
    VALUES ('8e9f0a1b-2c3d-4e5f-6a7b-8c9d0e1f2a3b', 'Leech Seed', 'Grass', 10, 90, 8);
    
    INSERT INTO abilities_table (ability_id, ability_name, type, uses, hitrate, value)
    VALUES ('9f0a1b2c-3d4e-5f6a-7b8c-9d0e1f2a3b4c', 'Thunder Shock', 'Electric', 10, 90, 14);
    
    INSERT INTO abilities_table (ability_id, ability_name, type, uses, hitrate, value)
    VALUES ('0a1b2c3d-4e5f-6a7b-8c9d-0e1f2a3b4c5d', 'Tail Whip', 'Normal', 10, 100, 0);
    
    INSERT INTO abilities_table (ability_id, ability_name, type, uses, hitrate, value)
    VALUES ('1b2c3d4e-5f6a-7b8c-9d0e-1f2a3b4c5d6e', 'Electro Ball', 'Electric', 10, 90, 16);
    
    INSERT INTO abilities_table (ability_id, ability_name, type, uses, hitrate, value)
    VALUES ('2c3d4e5f-6a7b-8c9d-0e1f-2a3b4c5d6e7f', 'Scratch', 'Normal', 15, 100, 9);
    
    INSERT INTO abilities_table (ability_id, ability_name, type, uses, hitrate, value)
    VALUES ('3d4e5f6a-7b8c-9d0e-1f2a-3b4c5d6e7f8a', 'Dragon Breath', 'Dragon', 10, 90, 15);
    
    INSERT INTO abilities_table (ability_id, ability_name, type, uses, hitrate, value)
    VALUES ('4e5f6a7b-8c9d-0e1f-2a3b-4c5d6e7f8a9b', 'Gust', 'Normal', 15, 95, 11);
    
    INSERT INTO abilities_table (ability_id, ability_name, type, uses, hitrate, value)
    VALUES ('5f6a7b8c-9d0e-1f2a-3b4c-5d6e7f8a9b0c', 'Sand Attack', 'Ground', 10, 100, 0);
    
    INSERT INTO abilities_table (ability_id, ability_name, type, uses, hitrate, value)
    VALUES ('6a7b8c9d-0e1f-2a3b-4c5d-6e7f8a9b0c1d', 'Defense Curl', 'Normal', 10, 100, 0);
    
    INSERT INTO abilities_table (ability_id, ability_name, type, uses, hitrate, value)
    VALUES ('7b8c9d0e-1f2a-3b4c-5d6e-7f8a9b0c1d2e', 'Magnitude', 'Ground', 10, 90, 17);
    
    INSERT INTO abilities_table (ability_id, ability_name, type, uses, hitrate, value)
    VALUES ('8c9d0e1f-2a3b-4c5d-6e7f-8a9b0c1d2e3f', 'Swift', 'Normal', 10, 100, 12);
    
    INSERT INTO abilities_table (ability_id, ability_name, type, uses, hitrate, value)
    VALUES ('9d0e1f2a-3b4c-5d6e-7f8a-9b0c1d2e3f4a', 'Sing', 'Normal', 10, 80, 0);
    
    INSERT INTO abilities_table (ability_id, ability_name, type, uses, hitrate, value)
    VALUES ('0e1f2a3b-4c5d-6e7f-8a9b-0c1d2e3f4a5b', 'Pound', 'Normal', 15, 100, 10);
    
    INSERT INTO abilities_table (ability_id, ability_name, type, uses, hitrate, value)
    VALUES ('1f2a3b4c-5d6e-7f8a-9b0c-1d2e3f4a5b6c', 'Disarming Voice', 'Fairy', 10, 100, 13);
    
    INSERT INTO abilities_table (ability_id, ability_name, type, uses, hitrate, value)
    VALUES ('2a3b4c5d-6e7f-8a9b-0c1d-2e3f4a5b6c7d', 'Karate Chop', 'Fighting', 10, 95, 14);
    
    INSERT INTO abilities_table (ability_id, ability_name, type, uses, hitrate, value)
    VALUES ('3b4c5d6e-7f8a-9b0c-1d2e-3f4a5b6c7d8e', 'Low Kick', 'Fighting', 10, 90, 13);
    
    INSERT INTO abilities_table (ability_id, ability_name, type, uses, hitrate, value)
    VALUES ('4c5d6e7f-8a9b-0c1d-2e3f-4a5b6c7d8e9f', 'Leer', 'Normal', 10, 100, 0);
    
    INSERT INTO abilities_table (ability_id, ability_name, type, uses, hitrate, value)
    VALUES ('5d6e7f8a-9b0c-1d2e-3f4a-5b6c7d8e9f0a', 'Focus Energy', 'Normal', 10, 100, 0);

    
    INSERT INTO user_authentication_table (trainer_id, created_at, username, password, email)
    VALUES ('b0fedc38-990f-4ff1-befb-11fca4357462', now(), 'ash_ketchum', 'password123', 'ash_ketchum@example.com');
    

    INSERT INTO user_authentication_table (trainer_id, created_at, username, password, email)
    VALUES ('6dfb5c6c-8008-4df1-8642-c284e0007a3a', now(), 'misty_wtr', 'password123', 'misty_wtr@example.com');
    

    INSERT INTO user_authentication_table (trainer_id, created_at, username, password, email)
    VALUES ('e9c30ce7-f62e-464d-ba22-39b936172b57', now(), 'brock_boulder', 'password123', 'brock_boulder@example.com');
    

    INSERT INTO user_authentication_table (trainer_id, created_at, username, password, email)
    VALUES ('1dc1642c-3977-46cb-90ed-7b286dc1806e', now(), 'gary_oak', 'password123', 'gary_oak@example.com');
    

    INSERT INTO user_authentication_table (trainer_id, created_at, username, password, email)
    VALUES ('05ceec13-64d5-4345-8df9-84ca4b135a79', now(), 'may_travel', 'password123', 'may_travel@example.com');
    

    INSERT INTO trainer_table (trainer_id, created_at, sex, username, wins, losses, experience_points, level, favorite_pokemon, pokemon_slot_1, pokemon_slot_2, pokemon_slot_3, pokemon_slot_4, pokemon_slot_5, pokemon_slot_6, completed_tasks)
    VALUES ('b0fedc38-990f-4ff1-befb-11fca4357462', now(), 'Male', 'ash_ketchum', 10, 3, 176, 2, '158ff09f-4733-491c-bcb8-1a788420c2b8', '158ff09f-4733-491c-bcb8-1a788420c2b8', 'f2026ce7-c232-45c4-a92c-f53fac610809', 'f1a2b3c4-d5e6-7890-1234-567890abcdef', 'a2b3c4d5-e6f7-8901-2345-678901bcdef0', 'b3c4d5e6-f7a8-9012-3456-789012cdef01', 'c4d5e6f7-a8b9-0123-4567-890123def012', 1);
    

    INSERT INTO trainer_table (trainer_id, created_at, sex, username, wins, losses, experience_points, level, favorite_pokemon, pokemon_slot_1, pokemon_slot_2, pokemon_slot_3, pokemon_slot_4, pokemon_slot_5, pokemon_slot_6, completed_tasks)
    VALUES ('6dfb5c6c-8008-4df1-8642-c284e0007a3a', now(), 'Male', 'misty_wtr', 4, 10, 860, 5, '6dbd4009-6d09-4dbd-9cf7-144491b75482', '6dbd4009-6d09-4dbd-9cf7-144491b75482', 'cbb2aeec-d5a6-478c-8660-707ba1de0533', 'd5e6f7a8-b9c0-1234-5678-901234efab23', 'e6f7a8b9-c0d1-2345-6789-012345fab234', 'f7a8b9c0-d1e2-3456-7890-123456ab2345', 'a8b9c0d1-e2f3-4567-8901-234567b23456', 2);
    

    INSERT INTO trainer_table (trainer_id, created_at, sex, username, wins, losses, experience_points, level, favorite_pokemon, pokemon_slot_1, pokemon_slot_2, pokemon_slot_3, pokemon_slot_4, pokemon_slot_5, pokemon_slot_6, completed_tasks)
    VALUES ('e9c30ce7-f62e-464d-ba22-39b936172b57', now(), 'Male', 'brock_boulder', 1, 8, 955, 10, 'edd7c4b0-2215-41b2-b729-b0109281093a', '3e4c8fd4-7be5-4135-97c8-83d3c5b9ebcf', 'f568ec71-ef27-4f26-a9a4-c18ba1805f2f', 'edd7c4b0-2215-41b2-b729-b0109281093a', 'a1b2c3d4-e5f6-7890-abcd-ef1234567890', 'b2c3d4e5-f607-8901-bcde-f12345678901', 'c3d4e5f6-a708-9012-cdef-123456789012', 4);
    

    INSERT INTO trainer_table (trainer_id, created_at, sex, username, wins, losses, experience_points, level, favorite_pokemon, pokemon_slot_1, pokemon_slot_2, pokemon_slot_3, pokemon_slot_4, pokemon_slot_5, pokemon_slot_6, completed_tasks)
    VALUES ('1dc1642c-3977-46cb-90ed-7b286dc1806e', now(), 'Male', 'gary_oak', 5, 3, 306, 1, '7468d04d-def6-4867-b981-acb29312644b', 'aabf5d8b-3586-450d-b0eb-5f008cdfb92f', '7468d04d-def6-4867-b981-acb29312644b', '92ac6202-f5fc-45bd-88d6-53d4b5e9e757', '36ff591b-e9a3-4478-8bed-dcd00a41d65e', 'd4e5f607-a809-0123-de2a-234567890123', 'e5f6a708-b900-1234-e2ab-345678901234', 3);
    

    INSERT INTO trainer_table (trainer_id, created_at, sex, username, wins, losses, experience_points, level, favorite_pokemon, pokemon_slot_1, pokemon_slot_2, pokemon_slot_3, pokemon_slot_4, pokemon_slot_5, pokemon_slot_6, completed_tasks)
    VALUES ('05ceec13-64d5-4345-8df9-84ca4b135a79', now(), 'Female', 'may_travel', 1, 10, 661, 9, '72ce97c4-b39f-46ce-aef2-2b757b75405f', 'ba60ece1-94bd-47a2-a79e-e0ef92dc9897', '72ce97c4-b39f-46ce-aef2-2b757b75405f', '6f4c4ea2-ce62-461a-9561-2a115ee20ff2', 'c5c3dc63-cd98-4c23-902b-8baa032f0a9c', 'b9c0d1e2-f3a4-5678-9012-345678cdef34', 'c0d1e2f3-a4b5-6789-0123-456789def345', 1);

    -- New trainers with full teams
    INSERT INTO user_authentication_table (trainer_id, created_at, username, password, email)
    VALUES ('f1e2d3c4-b5a6-7890-1234-567890abcdef', now(), 'lt_surge_elec', 'password123', 'lt_surge_elec@example.com');
    

    INSERT INTO user_authentication_table (trainer_id, created_at, username, password, email)
    VALUES ('a2b3c4d5-e6f7-8901-2345-678901bcdef0', now(), 'sabrina_psychic', 'password123', 'sabrina_psychic@example.com');
    

    INSERT INTO user_authentication_table (trainer_id, created_at, username, password, email)
    VALUES ('b3c4d5e6-f7a8-9012-3456-789012cdef01', now(), 'erika_nature', 'password123', 'erika_nature@example.com');

    
    INSERT INTO user_authentication_table (trainer_id, created_at, username, password, email)
    VALUES ('f1a2b3c4-d5e6-7890-1234-567890abcdef', now(), 'electric_gym_leader', 'password123', 'electric_gym_leader@example.com');

    INSERT INTO trainer_table (trainer_id, created_at, sex, username, wins, losses, experience_points, level, favorite_pokemon, pokemon_slot_1, pokemon_slot_2, pokemon_slot_3, pokemon_slot_4, pokemon_slot_5, pokemon_slot_6, completed_tasks)
    VALUES ('f1e2d3c4-b5a6-7890-1234-567890abcdef', now(), 'Male', 'lt_surge_elec', 15, 2, 1250, 8, 'c4d5e6f7-a8b9-0123-4567-890123def012', 'c4d5e6f7-a8b9-0123-4567-890123def012', 'd5e6f7a8-b9c0-1234-5678-901234ef0123', 'e6f7a8b9-c0d1-2345-6789-012345f01234', 'f7a8b9c0-d1e2-3456-7890-123456012345', 'a8b9c0d1-e2f3-4567-8901-234567123456', 'b9c0d1e2-f3a4-5678-9012-345678234567', 3);
    

    INSERT INTO trainer_table (trainer_id, created_at, sex, username, wins, losses, experience_points, level, favorite_pokemon, pokemon_slot_1, pokemon_slot_2, pokemon_slot_3, pokemon_slot_4, pokemon_slot_5, pokemon_slot_6, completed_tasks)
    VALUES ('a2b3c4d5-e6f7-8901-2345-678901bcdef0', now(), 'Female', 'sabrina_psychic', 12, 4, 980, 7, 'c0d1e2f3-a4b5-6789-0123-456789def345', 'c0d1e2f3-a4b5-6789-0123-456789def345', 'd1e2f3a4-b5c6-7890-1234-567890ef3456', 'e2f3a4b5-c6d7-8901-2345-678901f34567', 'f3a4b5c6-d7e8-9012-3456-789012345678', 'a4b5c6d7-e8f9-0123-4567-890123456789', 'b5c6d7e8-f9a0-1234-5678-901234567890', 2);
    

    INSERT INTO trainer_table (trainer_id, created_at, sex, username, wins, losses, experience_points, level, favorite_pokemon, pokemon_slot_1, pokemon_slot_2, pokemon_slot_3, pokemon_slot_4, pokemon_slot_5, pokemon_slot_6, completed_tasks)
    VALUES ('b3c4d5e6-f7a8-9012-3456-789012cdef01', now(), 'Female', 'erika_nature', 8, 6, 720, 6, 'c6d7e8f9-a0b1-2345-6789-012345def678', 'c6d7e8f9-a0b1-2345-6789-012345def678', 'd7e8f9a0-b1c2-3456-7890-123456ef6789', 'e8f9a0b1-c2d3-4567-8901-234567f67890', 'f9a0b1c2-d3e4-5678-9012-345678678901', 'a0b1c2d3-e4f5-6789-0123-456789789012', 'b1c2d3e4-f5a6-7890-1234-567890890123', 4);
    
    
    INSERT INTO trainer_table (trainer_id, created_at, sex, username, wins, losses, experience_points, level, favorite_pokemon, pokemon_slot_1, pokemon_slot_2, pokemon_slot_3, pokemon_slot_4, pokemon_slot_5, pokemon_slot_6, completed_tasks)
    VALUES ('f1a2b3c4-d5e6-7890-1234-567890abcdef', now(), 'Male', 'electric_gym_leader', 20, 1, 1800, 9, 'f1a2b3c4-d5e6-7890-1234-567890abcdef', 'f1a2b3c4-d5e6-7890-1234-567890abcdef', 'a1b2c3d4-e5f6-7890-1234-567890abcdef', 'b2c3d4e5-f6a7-8901-2345-678901bcdef0', 'c3d4e5f6-a7b8-9012-3456-789012cdef01', 'd4e5f6a7-b8c9-0123-4567-890123def012', 'e5f6a7b8-c9d0-1234-5678-901234ef0123', 2);
    

    

        INSERT INTO folder_table (folder_id, created_at, folder_name, color, trainer_id)
        VALUES ('5d126224-c494-41a4-886f-04e49cb252ad', now(), 'Battle Strategies', '#FF0000', 'b0fedc38-990f-4ff1-befb-11fca4357462');
        

        INSERT INTO folder_table (folder_id, created_at, folder_name, color, trainer_id)
        VALUES ('de65badc-d4e9-4457-9fde-e3dde76982e8', now(), 'Battle Strategies', '#FF8C00', 'b0fedc38-990f-4ff1-befb-11fca4357462');
        

        INSERT INTO folder_table (folder_id, created_at, folder_name, color, trainer_id)
        VALUES ('c2a16582-545a-44bd-96bc-4befe168b881', now(), 'Healing Schedule', '#32CD32', 'b0fedc38-990f-4ff1-befb-11fca4357462');
        

        INSERT INTO folder_table (folder_id, created_at, folder_name, color, trainer_id)
        VALUES ('cc7ae17b-09e6-436b-bbf8-e6b99b4a0606', now(), 'Captured Pokémon', '#1E90FF', '6dfb5c6c-8008-4df1-8642-c284e0007a3a');
        

        INSERT INTO folder_table (folder_id, created_at, folder_name, color, trainer_id)
        VALUES ('27b00535-3f72-40e2-8c41-46f7c86ad6ad', now(), 'Training Notes', '#8A2BE2', '6dfb5c6c-8008-4df1-8642-c284e0007a3a');
        

        INSERT INTO folder_table (folder_id, created_at, folder_name, color, trainer_id)
        VALUES ('3f01a540-b4b0-4316-8b3c-44800daa5601', now(), 'Battle Strategies', '#FFD700', '6dfb5c6c-8008-4df1-8642-c284e0007a3a');
        

        INSERT INTO folder_table (folder_id, created_at, folder_name, color, trainer_id)
        VALUES ('a3bbcf94-2777-40d2-bb72-58da1716e7f6', now(), 'Captured Pokémon', '#8B4513', 'e9c30ce7-f62e-464d-ba22-39b936172b57');
        

        INSERT INTO folder_table (folder_id, created_at, folder_name, color, trainer_id)
        VALUES ('c98773cd-242e-4f83-951e-dcca63c4a5ad', now(), 'Battle Strategies', '#708090', 'e9c30ce7-f62e-464d-ba22-39b936172b57');
        

        INSERT INTO folder_table (folder_id, created_at, folder_name, color, trainer_id)
        VALUES ('31800197-5541-4a70-82af-81993714f37a', now(), 'Training Notes', '#FF69B4', '1dc1642c-3977-46cb-90ed-7b286dc1806e');
        

        INSERT INTO folder_table (folder_id, created_at, folder_name, color, trainer_id)
        VALUES ('970020ce-0bfa-4899-9efa-922977a6ea80', now(), 'Healing Schedule', '#00FFFF', '1dc1642c-3977-46cb-90ed-7b286dc1806e');
        

        INSERT INTO folder_table (folder_id, created_at, folder_name, color, trainer_id)
        VALUES ('a9e88116-ef4b-4680-8818-d0f94cdde3c2', now(), 'Captured Pokémon', '#008080', '05ceec13-64d5-4345-8df9-84ca4b135a79');
        

        INSERT INTO folder_table (folder_id, created_at, folder_name, color, trainer_id)
        VALUES ('df5b25ad-7976-4f47-9fce-212755a087b7', now(), 'Captured Pokémon', '#32FF32', '05ceec13-64d5-4345-8df9-84ca4b135a79');
        

        INSERT INTO folder_table (folder_id, created_at, folder_name, color, trainer_id)
        VALUES ('e0c610ab-f6d5-4981-9981-052fe106d96f', now(), 'Healing Schedule', '#4B0082', '05ceec13-64d5-4345-8df9-84ca4b135a79');

        -- Folders for new trainers
        INSERT INTO folder_table (folder_id, created_at, folder_name, color, trainer_id)
        VALUES ('a2b3c4d5-e6f7-8901-2345-678901bcdef2', now(), 'Electric Training', '#FFD700', 'f1e2d3c4-b5a6-7890-1234-567890abcdef');
        
        INSERT INTO folder_table (folder_id, created_at, folder_name, color, trainer_id)
        VALUES ('b3c4d5e6-f7a8-9012-3456-789012cdef23', now(), 'Gym Battles', '#FF4500', 'f1e2d3c4-b5a6-7890-1234-567890abcdef');
        
        INSERT INTO folder_table (folder_id, created_at, folder_name, color, trainer_id)
        VALUES ('c4d5e6f7-a8b9-0123-4567-890123def234', now(), 'Psychic Studies', '#9932CC', 'a2b3c4d5-e6f7-8901-2345-678901bcdef0');
        
        INSERT INTO folder_table (folder_id, created_at, folder_name, color, trainer_id)
        VALUES ('d5e6f7a8-b9c0-1234-5678-901234ef2345', now(), 'Mind Training', '#DA70D6', 'a2b3c4d5-e6f7-8901-2345-678901bcdef0');
        
        INSERT INTO folder_table (folder_id, created_at, folder_name, color, trainer_id)
        VALUES ('e6f7a8b9-c0d1-2345-6789-012345f23456', now(), 'Nature Care', '#228B22', 'b3c4d5e6-f7a8-9012-3456-789012cdef01');
        
        INSERT INTO folder_table (folder_id, created_at, folder_name, color, trainer_id)
        VALUES ('f7a8b9c0-d1e2-3456-7890-123456234567', now(), 'Garden Maintenance', '#6B8E23', 'b3c4d5e6-f7a8-9012-3456-789012cdef01');
        

        INSERT INTO threads_table (thread_id, created_at, trainer_id, thread_name)
        VALUES ('6d0ec49b-c082-449c-b3e8-1dc6dc07ed39', now(), 'b0fedc38-990f-4ff1-befb-11fca4357462', 'Gym Training Progress');
        

        INSERT INTO threads_table (thread_id, created_at, trainer_id, thread_name)
        VALUES ('3001c9be-faad-42a0-93a2-04556e2b76a4', now(), 'b0fedc38-990f-4ff1-befb-11fca4357462', 'Pokemon Center Visits');
        

        INSERT INTO threads_table (thread_id, created_at, trainer_id, thread_name)
        VALUES ('61634a66-61d0-4f94-acdf-efbf86bd93e5', now(), '6dfb5c6c-8008-4df1-8642-c284e0007a3a', 'Water Pokemon Evolution');
        

        INSERT INTO threads_table (thread_id, created_at, trainer_id, thread_name)
        VALUES ('3f6f1c0e-d60c-4937-a263-40c413aa642e', now(), 'e9c30ce7-f62e-464d-ba22-39b936172b57', 'Rock Gym Management');
        

        INSERT INTO threads_table (thread_id, created_at, trainer_id, thread_name)
        VALUES ('f5d04179-8f28-4e73-a6fb-61d012debff9', now(), 'e9c30ce7-f62e-464d-ba22-39b936172b57', 'Gym Maintenance Tasks');
        

        INSERT INTO threads_table (thread_id, created_at, trainer_id, thread_name)
        VALUES ('8952db61-1f03-4e0c-9a08-b16b13cc9fd2', now(), '1dc1642c-3977-46cb-90ed-7b286dc1806e', 'Tournament Preparation');
        

        INSERT INTO threads_table (thread_id, created_at, trainer_id, thread_name)
        VALUES ('1517efa4-6490-4855-9f1e-ba722479c7af', now(), '1dc1642c-3977-46cb-90ed-7b286dc1806e', 'Wild Area Exploration');
        

        INSERT INTO threads_table (thread_id, created_at, trainer_id, thread_name)
        VALUES ('55d50e2c-f864-4f89-b7a1-833d0fefcc57', now(), '05ceec13-64d5-4345-8df9-84ca4b135a79', 'Adventure Planning');
        

        INSERT INTO threads_table (thread_id, created_at, trainer_id, thread_name)
        VALUES ('31189f7b-fc51-4e27-a9a0-b7b50e85ddbb', now(), '05ceec13-64d5-4345-8df9-84ca4b135a79', 'Daily Pokemon Care');

        -- Threads for new trainers
        INSERT INTO threads_table (thread_id, created_at, trainer_id, thread_name)
        VALUES ('a8b9c0d1-e2f3-4567-8901-234567abcdef', now(), 'f1a2b3c4-d5e6-7890-1234-567890abcdef', 'Electric Gym Operations');
        
        INSERT INTO threads_table (thread_id, created_at, trainer_id, thread_name)
        VALUES ('b9c0d1e2-f3a4-5678-9012-345678bcdef0', now(), 'f1a2b3c4-d5e6-7890-1234-567890abcdef', 'Power Plant Maintenance');
        
        INSERT INTO threads_table (thread_id, created_at, trainer_id, thread_name)
        VALUES ('c0d1e2f3-a4b5-6789-0123-456789cdef01', now(), 'a2b3c4d5-e6f7-8901-2345-678901bcdef0', 'Psychic Research');
        
        INSERT INTO threads_table (thread_id, created_at, trainer_id, thread_name)
        VALUES ('d1e2f3a4-b5c6-7890-1234-567890def123', now(), 'a2b3c4d5-e6f7-8901-2345-678901bcdef0', 'Meditation Sessions');
        
        INSERT INTO threads_table (thread_id, created_at, trainer_id, thread_name)
        VALUES ('a2b3c4d5-e6f7-8901-2345-678901def456', now(), 'b3c4d5e6-f7a8-9012-3456-789012cdef01', 'Botanical Studies');
        
        INSERT INTO threads_table (thread_id, created_at, trainer_id, thread_name)
        VALUES ('b3c4d5e6-f7a8-9012-3456-789012ef567a', now(), 'b3c4d5e6-f7a8-9012-3456-789012cdef01', 'Perfume Workshop');
        

        INSERT INTO task_table (task_id, created_at, end_date, start_date, date_completed, is_all_day, high_priority, task_notes, task_text, trainer_id, thread_id, folder_id)
        VALUES ('a18ccc16-f95e-4ef5-81df-97aa8aff694e', now(), '2025-07-17 14:30:00', '2025-07-16 09:00:00', '2025-07-16 13:45:00', true, true, 'Remember to complete this task.', 'Visit PokéCenter', 'b0fedc38-990f-4ff1-befb-11fca4357462', '3001c9be-faad-42a0-93a2-04556e2b76a4', '5d126224-c494-41a4-886f-04e49cb252ad');
        

        INSERT INTO task_table (task_id, created_at, end_date, start_date, date_completed, is_all_day, high_priority, task_notes, task_text, trainer_id, thread_id, folder_id)
        VALUES ('840cdefe-e546-4ca4-b719-26b688e5422f', now(), '2025-07-18 16:00:00', '2025-07-17 08:30:00', null, true, true, 'Remember to complete this task.', 'Train at the gym', 'b0fedc38-990f-4ff1-befb-11fca4357462', '6d0ec49b-c082-449c-b3e8-1dc6dc07ed39', 'c2a16582-545a-44bd-96bc-4befe168b881');
        

        INSERT INTO task_table (task_id, created_at, end_date, start_date, date_completed, is_all_day, high_priority, task_notes, task_text, trainer_id, thread_id, folder_id)
        VALUES ('2235c294-f50b-4716-8c48-767e4628dc2b', now(), '2025-07-16 20:00:00', '2025-07-15 13:15:00', '2025-07-16 18:30:00', true, true, 'Remember to complete this task.', 'Evolve Pokémon', '6dfb5c6c-8008-4df1-8642-c284e0007a3a', '61634a66-61d0-4f94-acdf-efbf86bd93e5', '3f01a540-b4b0-4316-8b3c-44800daa5601');
        

        INSERT INTO task_table (task_id, created_at, end_date, start_date, date_completed, is_all_day, high_priority, task_notes, task_text, trainer_id, thread_id, folder_id)
        VALUES ('c2d8ae02-d73c-4880-9269-b5d7c3c58810', now(), '2025-07-17 11:45:00', '2025-07-16 10:30:00', '2025-07-17 10:15:00', false, false, 'Remember to complete this task.', 'Visit PokéCenter', '6dfb5c6c-8008-4df1-8642-c284e0007a3a', '61634a66-61d0-4f94-acdf-efbf86bd93e5', '3f01a540-b4b0-4316-8b3c-44800daa5601');
        

        INSERT INTO task_table (task_id, created_at, end_date, start_date, date_completed, is_all_day, high_priority, task_notes, task_text, trainer_id, thread_id, folder_id)
        VALUES ('ebeadd16-6917-41cb-a5d0-b409266988e1', now(), '2025-07-18 22:00:00', '2025-07-17 15:00:00', null, true, false, 'Remember to complete this task.', 'Evolve Pokémon', '6dfb5c6c-8008-4df1-8642-c284e0007a3a', '61634a66-61d0-4f94-acdf-efbf86bd93e5', '27b00535-3f72-40e2-8c41-46f7c86ad6ad');
        

        INSERT INTO task_table (task_id, created_at, end_date, start_date, date_completed, is_all_day, high_priority, task_notes, task_text, trainer_id, thread_id, folder_id)
        VALUES ('1632e1c0-a4ed-478d-95d7-e2ec4b1799ad', now(), '2025-07-17 19:30:00', '2025-07-16 07:00:00', '2025-07-17 17:45:00', true, true, 'Remember to complete this task.', 'Evolve Pokémon', 'e9c30ce7-f62e-464d-ba22-39b936172b57', '3f6f1c0e-d60c-4937-a263-40c413aa642e', 'c98773cd-242e-4f83-951e-dcca63c4a5ad');
        

        INSERT INTO task_table (task_id, created_at, end_date, start_date, date_completed, is_all_day, high_priority, task_notes, task_text, trainer_id, thread_id, folder_id)
        VALUES ('0b770a19-08fa-49e0-853a-fa18908cb1f0', now(), '2025-07-16 18:45:00', '2025-07-15 14:20:00', '2025-07-16 17:30:00', false, true, 'Remember to complete this task.', 'Train at the gym', 'e9c30ce7-f62e-464d-ba22-39b936172b57', '3f6f1c0e-d60c-4937-a263-40c413aa642e', 'a3bbcf94-2777-40d2-bb72-58da1716e7f6');
        

        INSERT INTO task_table (task_id, created_at, end_date, start_date, date_completed, is_all_day, high_priority, task_notes, task_text, trainer_id, thread_id, folder_id)
        VALUES ('da2258ef-8fa3-4e03-bd12-74ea5d7609ff', now(), '2025-07-18 12:00:00', '2025-07-17 06:30:00', null, true, true, 'Remember to complete this task.', 'Scout wild area', 'e9c30ce7-f62e-464d-ba22-39b936172b57', '3f6f1c0e-d60c-4937-a263-40c413aa642e', 'c98773cd-242e-4f83-951e-dcca63c4a5ad');
        

        INSERT INTO task_table (task_id, created_at, end_date, start_date, date_completed, is_all_day, high_priority, task_notes, task_text, trainer_id, thread_id, folder_id)
        VALUES ('311be95c-0297-4ca8-b7c5-72042d12cd3f', now(), '2025-07-17 21:15:00', '2025-07-16 16:45:00', '2025-07-17 20:00:00', true, true, 'Remember to complete this task.', 'Train at the gym', 'e9c30ce7-f62e-464d-ba22-39b936172b57', '3f6f1c0e-d60c-4937-a263-40c413aa642e', 'a3bbcf94-2777-40d2-bb72-58da1716e7f6');
        

        INSERT INTO task_table (task_id, created_at, end_date, start_date, date_completed, is_all_day, high_priority, task_notes, task_text, trainer_id, thread_id, folder_id)
        VALUES ('a4a7fcca-fabd-4641-ad53-331c4c453cad', now(), '2025-07-16 15:30:00', '2025-07-15 11:00:00', '2025-07-16 14:45:00', true, true, 'Remember to complete this task.', 'Visit PokéCenter', '1dc1642c-3977-46cb-90ed-7b286dc1806e', '8952db61-1f03-4e0c-9a08-b16b13cc9fd2', '31800197-5541-4a70-82af-81993714f37a');
        

        INSERT INTO task_table (task_id, created_at, end_date, start_date, date_completed, is_all_day, high_priority, task_notes, task_text, trainer_id, thread_id, folder_id)
        VALUES ('6f82f63e-b9e6-4e35-80ab-26c39db2cf7d', now(), '2025-07-17 13:20:00', '2025-07-16 12:00:00', null, false, false, 'Remember to complete this task.', 'Train at the gym', '1dc1642c-3977-46cb-90ed-7b286dc1806e', '1517efa4-6490-4855-9f1e-ba722479c7af', '31800197-5541-4a70-82af-81993714f37a');
        

        INSERT INTO task_table (task_id, created_at, end_date, start_date, date_completed, is_all_day, high_priority, task_notes, task_text, trainer_id, thread_id, folder_id)
        VALUES ('61385f87-3ad5-4902-af22-e8fd42b92c89', now(), '2025-07-18 20:45:00', '2025-07-17 09:15:00', null, true, false, 'Remember to complete this task.', 'Prepare for tournament', '1dc1642c-3977-46cb-90ed-7b286dc1806e', '8952db61-1f03-4e0c-9a08-b16b13cc9fd2', '31800197-5541-4a70-82af-81993714f37a');
        

        INSERT INTO task_table (task_id, created_at, end_date, start_date, date_completed, is_all_day, high_priority, task_notes, task_text, trainer_id, thread_id, folder_id)
        VALUES ('15c0593c-031f-44f7-931a-7d1d7ae715ce', now(), '2025-07-16 17:00:00', '2025-07-15 08:45:00', '2025-07-16 16:30:00', false, false, 'Remember to complete this task.', 'Scout wild area', '1dc1642c-3977-46cb-90ed-7b286dc1806e', '1517efa4-6490-4855-9f1e-ba722479c7af', '970020ce-0bfa-4899-9efa-922977a6ea80');
        

        INSERT INTO task_table (task_id, created_at, end_date, start_date, date_completed, is_all_day, high_priority, task_notes, task_text, trainer_id, thread_id, folder_id)
        VALUES ('20fe66f8-54be-4e78-a86e-22e13836648c', now(), '2025-07-17 14:30:00', '2025-07-16 11:15:00', null, true, false, 'Remember to complete this task.', 'Scout wild area', '05ceec13-64d5-4345-8df9-84ca4b135a79', '55d50e2c-f864-4f89-b7a1-833d0fefcc57', 'a9e88116-ef4b-4680-8818-d0f94cdde3c2');
        

        INSERT INTO task_table (task_id, created_at, end_date, start_date, date_completed, is_all_day, high_priority, task_notes, task_text, trainer_id, thread_id, folder_id)
        VALUES ('c7d4ed44-c396-4b1f-893f-197223632ffe', now(), '2025-07-18 10:00:00', '2025-07-17 07:30:00', '2025-07-17 09:45:00', false, true, 'Remember to complete this task.', 'Visit PokéCenter', '05ceec13-64d5-4345-8df9-84ca4b135a79', '55d50e2c-f864-4f89-b7a1-833d0fefcc57', 'e0c610ab-f6d5-4981-9981-052fe106d96f');
        

        -- Additional tasks for brock_boulder
        INSERT INTO task_table (task_id, created_at, end_date, start_date, date_completed, is_all_day, high_priority, task_notes, task_text, trainer_id, thread_id, folder_id)
        VALUES ('b1f2a3b4-c5d6-7e8f-9012-345678901234', now(), '2025-07-16 14:30:00', '2025-07-16 10:00:00', '2025-07-16 13:15:00', false, true, 'Check rock-type Pokemon health status.', 'Examine Geodude for injuries', 'e9c30ce7-f62e-464d-ba22-39b936172b57', '3f6f1c0e-d60c-4937-a263-40c413aa642e', 'a3bbcf94-2777-40d2-bb72-58da1716e7f6');
        

        INSERT INTO task_table (task_id, created_at, end_date, start_date, date_completed, is_all_day, high_priority, task_notes, task_text, trainer_id, thread_id, folder_id)
        VALUES ('c2e3d4f5-a6b7-8c9d-0e1f-456789012345', now(), '2025-07-17 16:45:00', '2025-07-17 14:15:00', null, false, false, 'Prepare nutritious meal for rock Pokemon.', 'Cook special rock Pokemon food', 'e9c30ce7-f62e-464d-ba22-39b936172b57', null, null);
        

        INSERT INTO task_table (task_id, created_at, end_date, start_date, date_completed, is_all_day, high_priority, task_notes, task_text, trainer_id, thread_id, folder_id)
        VALUES ('d3f4e5a6-b7c8-9d0e-1f2a-567890123456', now(), '2025-07-18 11:30:00', '2025-07-18 09:45:00', null, false, true, 'Schedule gym maintenance tasks.', 'Clean gym equipment and rocks', 'e9c30ce7-f62e-464d-ba22-39b936172b57', 'f5d04179-8f28-4e73-a6fb-61d012debff9', 'c98773cd-242e-4f83-951e-dcca63c4a5ad');
        

        INSERT INTO task_table (task_id, created_at, end_date, start_date, date_completed, is_all_day, high_priority, task_notes, task_text, trainer_id, thread_id, folder_id)
        VALUES ('e4a5b6c7-d8e9-0f1a-2b3c-678901234567', now(), '2025-07-16 18:00:00', '2025-07-16 15:30:00', null, false, false, 'Study Pokemon breeding patterns.', 'Research Onix mating habits', 'e9c30ce7-f62e-464d-ba22-39b936172b57', null, 'a3bbcf94-2777-40d2-bb72-58da1716e7f6');
        

        INSERT INTO task_table (task_id, created_at, end_date, start_date, date_completed, is_all_day, high_priority, task_notes, task_text, trainer_id, thread_id, folder_id)
        VALUES ('f5b6c7d8-e9f0-1a2b-3c4d-789012345678', now(), '2025-07-17 20:30:00', '2025-07-17 19:00:00', null, false, true, 'Prepare for upcoming gym battles.', 'Practice rock-type battle strategies', 'e9c30ce7-f62e-464d-ba22-39b936172b57', '3f6f1c0e-d60c-4937-a263-40c413aa642e', null);
        

        INSERT INTO task_table (task_id, created_at, end_date, start_date, date_completed, is_all_day, high_priority, task_notes, task_text, trainer_id, thread_id, folder_id)
        VALUES ('a6c7d8e9-f0a1-2b3c-4d5e-890123456789', now(), '2025-07-18 13:15:00', '2025-07-18 12:00:00', null, false, false, 'Complete daily Pokemon care routine.', 'Groom and feed all Pokemon', 'e9c30ce7-f62e-464d-ba22-39b936172b57', null, null);
        

        INSERT INTO task_table (task_id, created_at, end_date, start_date, date_completed, is_all_day, high_priority, task_notes, task_text, trainer_id, thread_id, folder_id)
        VALUES ('b7d8e9f0-a1b2-3c4d-5e6f-901234567890', now(), '2025-07-16 22:00:00', '2025-07-16 21:00:00', null, false, true, 'Review gym challenger applications.', 'Process new trainer requests', 'e9c30ce7-f62e-464d-ba22-39b936172b57', 'f5d04179-8f28-4e73-a6fb-61d012debff9', 'c98773cd-242e-4f83-951e-dcca63c4a5ad');
        

        INSERT INTO task_table (task_id, created_at, end_date, start_date, date_completed, is_all_day, high_priority, task_notes, task_text, trainer_id, thread_id, folder_id)
        VALUES ('c8e9f0a1-b2c3-4d5e-6f7a-012345678901', now(), '2025-07-17 10:45:00', '2025-07-17 08:30:00', null, false, false, 'Organize Pokemon medicine supplies.', 'Sort and inventory healing items', 'e9c30ce7-f62e-464d-ba22-39b936172b57', null, 'a3bbcf94-2777-40d2-bb72-58da1716e7f6');

        -- Additional current tasks for brock_boulder (today, tomorrow, day after tomorrow)
        INSERT INTO task_table (task_id, created_at, end_date, start_date, date_completed, is_all_day, high_priority, task_notes, task_text, trainer_id, thread_id, folder_id)
        VALUES ('bb1cc2dd-ee3f-4455-aa6b-778899bbccdd', now(), '2025-07-20 14:30:00', '2025-07-20 09:00:00', null, false, true, 'Check Onix for any rock damage or chips.', 'Inspect Onix health status', 'e9c30ce7-f62e-464d-ba22-39b936172b57', '3f6f1c0e-d60c-4937-a263-40c413aa642e', 'a3bbcf94-2777-40d2-bb72-58da1716e7f6');
        
        INSERT INTO task_table (task_id, created_at, end_date, start_date, date_completed, is_all_day, high_priority, task_notes, task_text, trainer_id, thread_id, folder_id)
        VALUES ('cc2dd3ee-ff4a-5566-bb7c-889900ccddee', now(), '2025-07-20 18:45:00', '2025-07-20 16:00:00', null, false, false, 'Prepare rock-type Pokemon food with extra minerals.', 'Cook nutritious rock Pokemon meal', 'e9c30ce7-f62e-464d-ba22-39b936172b57', 'f5d04179-8f28-4e73-a6fb-61d012debff9', 'c98773cd-242e-4f83-951e-dcca63c4a5ad');
        
        INSERT INTO task_table (task_id, created_at, end_date, start_date, date_completed, is_all_day, high_priority, task_notes, task_text, trainer_id, thread_id, folder_id)
        VALUES ('dd3ee4ff-aa5b-6677-cc8d-990011ddeeff', now(), '2025-07-20 21:00:00', '2025-07-20 19:30:00', null, false, true, 'Train Geodude and Graveler together.', 'Rock-type combination training', 'e9c30ce7-f62e-464d-ba22-39b936172b57', '3f6f1c0e-d60c-4937-a263-40c413aa642e', 'c98773cd-242e-4f83-951e-dcca63c4a5ad');
        
        INSERT INTO task_table (task_id, created_at, end_date, start_date, date_completed, is_all_day, high_priority, task_notes, task_text, trainer_id, thread_id, folder_id)
        VALUES ('ee4ff5aa-bb6c-7788-dd9e-001122eeffaa', now(), '2025-07-21 11:15:00', '2025-07-21 08:45:00', null, false, false, 'Clean and polish gym rocks and boulders.', 'Gym maintenance - rock cleaning', 'e9c30ce7-f62e-464d-ba22-39b936172b57', 'f5d04179-8f28-4e73-a6fb-61d012debff9', 'a3bbcf94-2777-40d2-bb72-58da1716e7f6');
        
        INSERT INTO task_table (task_id, created_at, end_date, start_date, date_completed, is_all_day, high_priority, task_notes, task_text, trainer_id, thread_id, folder_id)
        VALUES ('ff5aa6bb-cc7d-8899-ee0f-112233ffaabb', now(), '2025-07-21 15:30:00', '2025-07-21 13:00:00', null, true, true, 'Official gym battle with challenger.', 'Rock gym badge challenge', 'e9c30ce7-f62e-464d-ba22-39b936172b57', '3f6f1c0e-d60c-4937-a263-40c413aa642e', 'c98773cd-242e-4f83-951e-dcca63c4a5ad');
        
        INSERT INTO task_table (task_id, created_at, end_date, start_date, date_completed, is_all_day, high_priority, task_notes, task_text, trainer_id, thread_id, folder_id)
        VALUES ('aa6bb7cc-dd8e-9900-ff1a-223344aabbcc', now(), '2025-07-21 19:45:00', '2025-07-21 17:15:00', null, false, false, 'Study rock Pokemon evolution patterns.', 'Research Geodude to Graveler evolution', 'e9c30ce7-f62e-464d-ba22-39b936172b57', '3f6f1c0e-d60c-4937-a263-40c413aa642e', 'a3bbcf94-2777-40d2-bb72-58da1716e7f6');
        
        INSERT INTO task_table (task_id, created_at, end_date, start_date, date_completed, is_all_day, high_priority, task_notes, task_text, trainer_id, thread_id, folder_id)
        VALUES ('bb7cc8dd-ee9f-0011-aa2b-334455bbccdd', now(), '2025-07-22 10:00:00', '2025-07-22 07:30:00', null, false, true, 'Morning meditation with Pokemon.', 'Peaceful bonding time with team', 'e9c30ce7-f62e-464d-ba22-39b936172b57', 'f5d04179-8f28-4e73-a6fb-61d012debff9', 'a3bbcf94-2777-40d2-bb72-58da1716e7f6');
        
        INSERT INTO task_table (task_id, created_at, end_date, start_date, date_completed, is_all_day, high_priority, task_notes, task_text, trainer_id, thread_id, folder_id)
        VALUES ('cc8dd9ee-ff0a-1122-bb3c-445566ccddee', now(), '2025-07-22 13:45:00', '2025-07-22 11:30:00', null, false, false, 'Inventory Pokemon Center supplies.', 'Check medical supplies stock', 'e9c30ce7-f62e-464d-ba22-39b936172b57', 'f5d04179-8f28-4e73-a6fb-61d012debff9', 'a3bbcf94-2777-40d2-bb72-58da1716e7f6');
        
        INSERT INTO task_table (task_id, created_at, end_date, start_date, date_completed, is_all_day, high_priority, task_notes, task_text, trainer_id, thread_id, folder_id)
        VALUES ('dd9ee0ff-aa1b-2233-cc4d-556677ddeeff', now(), '2025-07-22 17:20:00', '2025-07-22 15:00:00', null, true, true, 'Practice advanced rock-type moves.', 'Train Rock Slide and Earthquake', 'e9c30ce7-f62e-464d-ba22-39b936172b57', '3f6f1c0e-d60c-4937-a263-40c413aa642e', 'c98773cd-242e-4f83-951e-dcca63c4a5ad');
        
        INSERT INTO task_table (task_id, created_at, end_date, start_date, date_completed, is_all_day, high_priority, task_notes, task_text, trainer_id, thread_id, folder_id)
        VALUES ('ee0ff1aa-bb2c-3344-dd5e-667788eeffaa', now(), '2025-07-22 20:30:00', '2025-07-22 18:45:00', null, false, false, 'Review gym challenger applications.', 'Process new trainer requests', 'e9c30ce7-f62e-464d-ba22-39b936172b57', 'f5d04179-8f28-4e73-a6fb-61d012debff9', 'c98773cd-242e-4f83-951e-dcca63c4a5ad');

        -- Tasks for lt_surge_elec (3 completed, 2 pending)
        INSERT INTO task_table (task_id, created_at, end_date, start_date, date_completed, is_all_day, high_priority, task_notes, task_text, trainer_id, thread_id, folder_id)
        VALUES ('c0d1e2f3-a4b5-5678-9012-345678cdef01', now(), '2025-07-20 15:00:00', '2025-07-20 08:00:00', '2025-07-20 14:30:00', false, true, 'Check all electrical equipment.', 'Inspect gym power systems', 'f1a2b3c4-d5e6-7890-1234-567890abcdef', 'a8b9c0d1-e2f3-4567-8901-234567abcdef', 'a2b3c4d5-e6f7-8901-2345-678901bcdef2');
        
        INSERT INTO task_table (task_id, created_at, end_date, start_date, date_completed, is_all_day, high_priority, task_notes, task_text, trainer_id, thread_id, folder_id)
        VALUES ('d1e2f3a4-b5c6-6789-0123-456789def1ab', now(), '2025-07-19 18:30:00', '2025-07-19 16:00:00', '2025-07-19 18:00:00', false, false, 'Train with electric Pokemon.', 'Electric type battle practice', 'f1a2b3c4-d5e6-7890-1234-567890abcdef', 'a8b9c0d1-e2f3-4567-8901-234567abcdef', 'b3c4d5e6-f7a8-9012-3456-789012cdef23');
        
        INSERT INTO task_table (task_id, created_at, end_date, start_date, date_completed, is_all_day, high_priority, task_notes, task_text, trainer_id, thread_id, folder_id)
        VALUES ('e2f3a4b5-c6d7-7890-1234-567890ef2abc', now(), '2025-07-18 12:00:00', '2025-07-18 09:30:00', '2025-07-18 11:45:00', false, true, 'Maintain power plant generators.', 'Generator maintenance check', 'f1a2b3c4-d5e6-7890-1234-567890abcdef', 'b9c0d1e2-f3a4-5678-9012-345678bcdef0', 'a2b3c4d5-e6f7-8901-2345-678901bcdef2');
        
        INSERT INTO task_table (task_id, created_at, end_date, start_date, date_completed, is_all_day, high_priority, task_notes, task_text, trainer_id, thread_id, folder_id)
        VALUES ('f3a4b5c6-d7e8-8901-2345-678901fa3bcd', now(), '2025-07-21 14:00:00', '2025-07-21 10:00:00', null, true, true, 'Challenge gym trainers.', 'Official gym battle session', 'f1a2b3c4-d5e6-7890-1234-567890abcdef', 'a8b9c0d1-e2f3-4567-8901-234567abcdef', 'b3c4d5e6-f7a8-9012-3456-789012cdef23');
        
        INSERT INTO task_table (task_id, created_at, end_date, start_date, date_completed, is_all_day, high_priority, task_notes, task_text, trainer_id, thread_id, folder_id)
        VALUES ('a4b5c6d7-e8f9-9012-3456-789012ab4cde', now(), '2025-07-22 16:30:00', '2025-07-22 13:00:00', null, false, false, 'Order new electrical supplies.', 'Purchase gym equipment', 'f1a2b3c4-d5e6-7890-1234-567890abcdef', 'b9c0d1e2-f3a4-5678-9012-345678bcdef0', 'a2b3c4d5-e6f7-8901-2345-678901bcdef2');

        -- Tasks for sabrina_psychic (2 completed, 3 pending)
        INSERT INTO task_table (task_id, created_at, end_date, start_date, date_completed, is_all_day, high_priority, task_notes, task_text, trainer_id, thread_id, folder_id)
        VALUES ('b4c5d6e7-a8b9-0123-4567-890123bc4def', now(), '2025-07-19 11:00:00', '2025-07-19 08:00:00', '2025-07-19 10:30:00', false, true, 'Study psychic energy patterns.', 'Analyze telepathic frequencies', 'a2b3c4d5-e6f7-8901-2345-678901bcdef0', 'c0d1e2f3-a4b5-6789-0123-456789cdef01', 'c4d5e6f7-a8b9-0123-4567-890123def234');
        
        INSERT INTO task_table (task_id, created_at, end_date, start_date, date_completed, is_all_day, high_priority, task_notes, task_text, trainer_id, thread_id, folder_id)
        VALUES ('c5d6e7f8-b9c0-1234-5678-901234cd5efa', now(), '2025-07-20 17:45:00', '2025-07-20 15:00:00', '2025-07-20 17:20:00', false, false, 'Practice meditation techniques.', 'Deep meditation session', 'a2b3c4d5-e6f7-8901-2345-678901bcdef0', 'd1e2f3a4-b5c6-7890-1234-567890def123', 'd5e6f7a8-b9c0-1234-5678-901234ef2345');
        
        INSERT INTO task_table (task_id, created_at, end_date, start_date, date_completed, is_all_day, high_priority, task_notes, task_text, trainer_id, thread_id, folder_id)
        VALUES ('d6e7f8a9-c0d1-2345-6789-012345de6fab', now(), '2025-07-21 13:30:00', '2025-07-21 11:00:00', null, false, true, 'Train psychic Pokemon abilities.', 'Enhance telekinetic powers', 'a2b3c4d5-e6f7-8901-2345-678901bcdef0', 'c0d1e2f3-a4b5-6789-0123-456789cdef01', 'c4d5e6f7-a8b9-0123-4567-890123def234');
        
        INSERT INTO task_table (task_id, created_at, end_date, start_date, date_completed, is_all_day, high_priority, task_notes, task_text, trainer_id, thread_id, folder_id)
        VALUES ('e7f8a9b0-d1e2-3456-7890-123456ef7abc', now(), '2025-07-22 19:00:00', '2025-07-22 16:30:00', null, true, false, 'Conduct psychic experiments.', 'Test new mental techniques', 'a2b3c4d5-e6f7-8901-2345-678901bcdef0', 'c0d1e2f3-a4b5-6789-0123-456789cdef01', 'd5e6f7a8-b9c0-1234-5678-901234ef2345');
        
        INSERT INTO task_table (task_id, created_at, end_date, start_date, date_completed, is_all_day, high_priority, task_notes, task_text, trainer_id, thread_id, folder_id)
        VALUES ('f8a9b0c1-e2f3-4567-8901-234567fa8bcd', now(), '2025-07-23 12:15:00', '2025-07-23 09:45:00', null, false, true, 'Organize psychic library.', 'Catalog mental training books', 'a2b3c4d5-e6f7-8901-2345-678901bcdef0', 'd1e2f3a4-b5c6-7890-1234-567890def123', 'c4d5e6f7-a8b9-0123-4567-890123def234');

        -- Tasks for erika_nature (4 completed, 2 pending)
        INSERT INTO task_table (task_id, created_at, end_date, start_date, date_completed, is_all_day, high_priority, task_notes, task_text, trainer_id, thread_id, folder_id)
        VALUES ('a9b0c1d2-e3f4-5678-9012-345678ab9cde', now(), '2025-07-18 10:30:00', '2025-07-18 07:00:00', '2025-07-18 10:00:00', false, true, 'Water all gym plants.', 'Morning garden watering', 'b3c4d5e6-f7a8-9012-3456-789012cdef01', 'a2b3c4d5-e6f7-8901-2345-678901def456', 'e6f7a8b9-c0d1-2345-6789-012345f23456');
        
        INSERT INTO task_table (task_id, created_at, end_date, start_date, date_completed, is_all_day, high_priority, task_notes, task_text, trainer_id, thread_id, folder_id)
        VALUES ('b0c1d2e3-f4a5-6789-0123-456789bc0def', now(), '2025-07-19 15:20:00', '2025-07-19 13:30:00', '2025-07-19 15:10:00', false, false, 'Study plant growth patterns.', 'Botanical research session', 'b3c4d5e6-f7a8-9012-3456-789012cdef01', 'a2b3c4d5-e6f7-8901-2345-678901def456', 'e6f7a8b9-c0d1-2345-6789-012345f23456');
        
        INSERT INTO task_table (task_id, created_at, end_date, start_date, date_completed, is_all_day, high_priority, task_notes, task_text, trainer_id, thread_id, folder_id)
        VALUES ('c1d2e3f4-a5b6-7890-1234-567890cd1ef4', now(), '2025-07-20 16:45:00', '2025-07-20 14:15:00', '2025-07-20 16:30:00', false, true, 'Create new perfume blend.', 'Mix floral fragrances', 'b3c4d5e6-f7a8-9012-3456-789012cdef01', 'b3c4d5e6-f7a8-9012-3456-789012ef567a', 'f7a8b9c0-d1e2-3456-7890-123456234567');
        
        INSERT INTO task_table (task_id, created_at, end_date, start_date, date_completed, is_all_day, high_priority, task_notes, task_text, trainer_id, thread_id, folder_id)
        VALUES ('d2e3f4a5-b6c7-8901-2345-678901de2fa5', now(), '2025-07-21 11:00:00', '2025-07-21 08:30:00', '2025-07-21 10:45:00', false, false, 'Prune overgrown vines.', 'Garden maintenance work', 'b3c4d5e6-f7a8-9012-3456-789012cdef01', 'a2b3c4d5-e6f7-8901-2345-678901def456', 'f7a8b9c0-d1e2-3456-7890-123456234567');
        
        INSERT INTO task_table (task_id, created_at, end_date, start_date, date_completed, is_all_day, high_priority, task_notes, task_text, trainer_id, thread_id, folder_id)
        VALUES ('e3f4a5b6-c7d8-9012-3456-789012ef3ab6', now(), '2025-07-22 14:30:00', '2025-07-22 12:00:00', null, true, true, 'Host gym challenge battles.', 'Official grass gym battles', 'b3c4d5e6-f7a8-9012-3456-789012cdef01', 'a2b3c4d5-e6f7-8901-2345-678901def456', 'e6f7a8b9-c0d1-2345-6789-012345f23456');
        
        INSERT INTO task_table (task_id, created_at, end_date, start_date, date_completed, is_all_day, high_priority, task_notes, task_text, trainer_id, thread_id, folder_id)
        VALUES ('f4a5b6c7-d8e9-0123-4567-890123fa4bc7', now(), '2025-07-23 17:00:00', '2025-07-23 15:30:00', null, false, false, 'Collect rare flower seeds.', 'Seed gathering expedition', 'b3c4d5e6-f7a8-9012-3456-789012cdef01', 'b3c4d5e6-f7a8-9012-3456-789012ef567a', 'f7a8b9c0-d1e2-3456-7890-123456234567');
        

        INSERT INTO pokemon_table (pokemon_id, date_caught, pokemon_name, nickname, type, level, experience_points, trainer_id, attack, health, ability1, ability2, ability3, ability4)
        VALUES ('158ff09f-4733-491c-bcb8-1a788420c2b8', now(), 'Bulbasaur', 'Fang', 'Grass', 5, 91, 'b0fedc38-990f-4ff1-befb-11fca4357462', 9, 38, 'debaf730-cb24-4a75-861d-b144a426968f', 'b6842384-4b76-4ca9-b49e-ef7c3a6a10ed', '7f8a9b0c-1d2e-3f4a-5b6c-7d8e9f0a1b2c', 'f8dcf60b-604b-4ca9-9e16-c44d79996497');
        

        INSERT INTO pokemon_table (pokemon_id, date_caught, pokemon_name, nickname, type, level, experience_points, trainer_id, attack, health, ability1, ability2, ability3, ability4)
        VALUES ('f2026ce7-c232-45c4-a92c-f53fac610809', now(), 'Charmander', 'Leafy', 'Fire', 5, 69, 'b0fedc38-990f-4ff1-befb-11fca4357462', 12, 33, 'cca84005-5a30-4e0d-a6df-1a8fa61654ad', '8c4cfe4d-479f-4fb7-9403-6fc2a0bd0520', '8a9b0c1d-2e3f-4a5b-6c7d-8e9f0a1b2c3d', '6404ac01-7d40-4b9a-9e3c-f0e6ec78f6c2');
        

        INSERT INTO pokemon_table (pokemon_id, date_caught, pokemon_name, nickname, type, level, experience_points, trainer_id, attack, health, ability1, ability2, ability3, ability4)
        VALUES ('cbb2aeec-d5a6-478c-8660-707ba1de0533', now(), 'Bulbasaur', 'Drip', 'Grass', 4, 111, '6dfb5c6c-8008-4df1-8642-c284e0007a3a', 9, 36, '0d6bfbc8-d17e-4c66-a8a1-06d65475f00f', 'af429222-27d5-4771-abae-46d76f234ab4', 'c880e241-5296-4286-885c-d59819248be3', '7f8a9b0c-1d2e-3f4a-5b6c-7d8e9f0a1b2c');
        

        INSERT INTO pokemon_table (pokemon_id, date_caught, pokemon_name, nickname, type, level, experience_points, trainer_id, attack, health, ability1, ability2, ability3, ability4)
        VALUES ('6dbd4009-6d09-4dbd-9cf7-144491b75482', now(), 'Squirtle', 'Fang', 'Water', 5, 189, '6dfb5c6c-8008-4df1-8642-c284e0007a3a', 10, 35, '5a3c4072-1779-4609-bca8-95ffb5a3d8bd', 'c880e241-5296-4286-885c-d59819248be3', 'ac5ca494-93de-4f3b-91b1-6627d4375105', 'b4dcff93-d520-4822-9338-fb15616e5b90');
        

        INSERT INTO pokemon_table (pokemon_id, date_caught, pokemon_name, nickname, type, level, experience_points, trainer_id, attack, health, ability1, ability2, ability3, ability4)
        VALUES ('3e4c8fd4-7be5-4135-97c8-83d3c5b9ebcf', now(), 'Bulbasaur', 'Bolt', 'Grass', 6, 100, 'e9c30ce7-f62e-464d-ba22-39b936172b57', 11, 40, 'cca84005-5a30-4e0d-a6df-1a8fa61654ad', '6404ac01-7d40-4b9a-9e3c-f0e6ec78f6c2', '8c4cfe4d-479f-4fb7-9403-6fc2a0bd0520', '43fe0f77-06aa-491b-a03f-a1a9ed7b47d2');
        

        INSERT INTO pokemon_table (pokemon_id, date_caught, pokemon_name, nickname, type, level, experience_points, trainer_id, attack, health, ability1, ability2, ability3, ability4)
        VALUES ('f568ec71-ef27-4f26-a9a4-c18ba1805f2f', now(), 'Charmander', 'Fang', 'Fire', 5, 91, 'e9c30ce7-f62e-464d-ba22-39b936172b57', 12, 33, '8c4cfe4d-479f-4fb7-9403-6fc2a0bd0520', 'b6842384-4b76-4ca9-b49e-ef7c3a6a10ed', '09dfc037-616a-4274-8a9a-e26f03229738', '8a9b0c1d-2e3f-4a5b-6c7d-8e9f0a1b2c3d');
        

        INSERT INTO pokemon_table (pokemon_id, date_caught, pokemon_name, nickname, type, level, experience_points, trainer_id, attack, health, ability1, ability2, ability3, ability4)
        VALUES ('edd7c4b0-2215-41b2-b729-b0109281093a', now(), 'Squirtle', 'Shellshock', 'Water', 6, 79, 'e9c30ce7-f62e-464d-ba22-39b936172b57', 10, 38, '5a3c4072-1779-4609-bca8-95ffb5a3d8bd', '8aca389f-4a70-4287-a318-6c42ee5dbca5', 'debaf730-cb24-4a75-861d-b144a426968f', '0d6bfbc8-d17e-4c66-a8a1-06d65475f00f');
        

        INSERT INTO pokemon_table (pokemon_id, date_caught, pokemon_name, nickname, type, level, experience_points, trainer_id, attack, health, ability1, ability2, ability3, ability4)
        VALUES ('aabf5d8b-3586-450d-b0eb-5f008cdfb92f', now(), 'Squirtle', 'Blaze', 'Water', 4, 99, '1dc1642c-3977-46cb-90ed-7b286dc1806e', 10, 32, 'cca84005-5a30-4e0d-a6df-1a8fa61654ad', 'af429222-27d5-4771-abae-46d76f234ab4', 'ac5ca494-93de-4f3b-91b1-6627d4375105', 'b4dcff93-d520-4822-9338-fb15616e5b90');
        

        INSERT INTO pokemon_table (pokemon_id, date_caught, pokemon_name, nickname, type, level, experience_points, trainer_id, attack, health, ability1, ability2, ability3, ability4)
        VALUES ('7468d04d-def6-4867-b981-acb29312644b', now(), 'Squirtle', 'Shellshock', 'Water', 5, 51, '1dc1642c-3977-46cb-90ed-7b286dc1806e', 10, 35, 'b6842384-4b76-4ca9-b49e-ef7c3a6a10ed', '8aca389f-4a70-4287-a318-6c42ee5dbca5', '0d6bfbc8-d17e-4c66-a8a1-06d65475f00f', '9b0c1d2e-3f4a-5b6c-7d8e-9f0a1b2c3d4e');
        

        INSERT INTO pokemon_table (pokemon_id, date_caught, pokemon_name, nickname, type, level, experience_points, trainer_id, attack, health, ability1, ability2, ability3, ability4)
        VALUES ('92ac6202-f5fc-45bd-88d6-53d4b5e9e757', now(), 'Squirtle', 'Leafy', 'Water', 5, 137, '1dc1642c-3977-46cb-90ed-7b286dc1806e', 10, 35, '09dfc037-616a-4274-8a9a-e26f03229738', '8aca389f-4a70-4287-a318-6c42ee5dbca5', 'debaf730-cb24-4a75-861d-b144a426968f', '3f4a5b6c-7d8e-9f0a-1b2c-3d4e5f6a7b8c');
        

        INSERT INTO pokemon_table (pokemon_id, date_caught, pokemon_name, nickname, type, level, experience_points, trainer_id, attack, health, ability1, ability2, ability3, ability4)
        VALUES ('36ff591b-e9a3-4478-8bed-dcd00a41d65e', now(), 'Squirtle', 'Shellshock', 'Water', 5, 69, '1dc1642c-3977-46cb-90ed-7b286dc1806e', 10, 35, '8aca389f-4a70-4287-a318-6c42ee5dbca5', '6404ac01-7d40-4b9a-9e3c-f0e6ec78f6c2', 'ac5ca494-93de-4f3b-91b1-6627d4375105', '0c1d2e3f-4a5b-6c7d-8e9f-0a1b2c3d4e5f');
        

        INSERT INTO pokemon_table (pokemon_id, date_caught, pokemon_name, nickname, type, level, experience_points, trainer_id, attack, health, ability1, ability2, ability3, ability4)
        VALUES ('ba60ece1-94bd-47a2-a79e-e0ef92dc9897', now(), 'Bulbasaur', 'Buddy', 'Grass', 5, 68, '05ceec13-64d5-4345-8df9-84ca4b135a79', 9, 38, '09dfc037-616a-4274-8a9a-e26f03229738', '8c4cfe4d-479f-4fb7-9403-6fc2a0bd0520', 'c880e241-5296-4286-885c-d59819248be3', '7f8a9b0c-1d2e-3f4a-5b6c-7d8e9f0a1b2c');
        

        INSERT INTO pokemon_table (pokemon_id, date_caught, pokemon_name, nickname, type, level, experience_points, trainer_id, attack, health, ability1, ability2, ability3, ability4)
        VALUES ('72ce97c4-b39f-46ce-aef2-2b757b75405f', now(), 'Charmander', 'Blaze', 'Fire', 6, 62, '05ceec13-64d5-4345-8df9-84ca4b135a79', 12, 35, 'b6842384-4b76-4ca9-b49e-ef7c3a6a10ed', '0d6bfbc8-d17e-4c66-a8a1-06d65475f00f', '6404ac01-7d40-4b9a-9e3c-f0e6ec78f6c2', '8a9b0c1d-2e3f-4a5b-6c7d-8e9f0a1b2c3d');
        

        INSERT INTO pokemon_table (pokemon_id, date_caught, pokemon_name, nickname, type, level, experience_points, trainer_id, attack, health, ability1, ability2, ability3, ability4)
        VALUES ('6f4c4ea2-ce62-461a-9561-2a115ee20ff2', now(), 'Charmander', 'Buddy', 'Fire', 5, 141, '05ceec13-64d5-4345-8df9-84ca4b135a79', 12, 33, '09dfc037-616a-4274-8a9a-e26f03229738', 'af429222-27d5-4771-abae-46d76f234ab4', 'cca84005-5a30-4e0d-a6df-1a8fa61654ad', '0c1d2e3f-4a5b-6c7d-8e9f-0a1b2c3d4e5f');
        

        INSERT INTO pokemon_table (pokemon_id, date_caught, pokemon_name, nickname, type, level, experience_points, trainer_id, attack, health, ability1, ability2, ability3, ability4)
        VALUES ('c5c3dc63-cd98-4c23-902b-8baa032f0a9c', now(), 'Charmander', 'Torch', 'Fire', 5, 153, '05ceec13-64d5-4345-8df9-84ca4b135a79', 12, 33, 'af429222-27d5-4771-abae-46d76f234ab4', '6404ac01-7d40-4b9a-9e3c-f0e6ec78f6c2', '09dfc037-616a-4274-8a9a-e26f03229738', '43fe0f77-06aa-491b-a03f-a1a9ed7b47d2');
        

        -- Additional Pokemon for brock_boulder to make 6 total
        INSERT INTO pokemon_table (pokemon_id, date_caught, pokemon_name, nickname, type, level, experience_points, trainer_id, attack, health, ability1, ability2, ability3, ability4)
        VALUES ('a1b2c3d4-e5f6-7890-abcd-ef1234567890', now(), 'Pikachu', 'Sparky', 'Electric', 5, 95, 'e9c30ce7-f62e-464d-ba22-39b936172b57', 11, 32, 'b6842384-4b76-4ca9-b49e-ef7c3a6a10ed', 'af429222-27d5-4771-abae-46d76f234ab4', '0c1d2e3f-4a5b-6c7d-8e9f-0a1b2c3d4e5f', '43fe0f77-06aa-491b-a03f-a1a9ed7b47d2');
        

        INSERT INTO pokemon_table (pokemon_id, date_caught, pokemon_name, nickname, type, level, experience_points, trainer_id, attack, health, ability1, ability2, ability3, ability4)
        VALUES ('b2c3d4e5-f607-8901-bcde-f12345678901', now(), 'Geodude', 'Rocky', 'Rock', 4, 88, 'e9c30ce7-f62e-464d-ba22-39b936172b57', 25, 55, '5a3c4072-1779-4609-bca8-95ffb5a3d8bd', 'cca84005-5a30-4e0d-a6df-1a8fa61654ad', '5860c1eb-5c38-46f5-a6a0-174fc9caedf8', '1d2e3f4a-5b6c-7d8e-9f0a-1b2c3d4e5f6a');
        

        INSERT INTO pokemon_table (pokemon_id, date_caught, pokemon_name, nickname, type, level, experience_points, trainer_id, attack, health, ability1, ability2, ability3, ability4)
        VALUES ('c3d4e5f6-a708-9012-cdef-123456789012', now(), 'Onix', 'Crusher', 'Rock', 6, 120, 'e9c30ce7-f62e-464d-ba22-39b936172b57', 30, 70, '5a3c4072-1779-4609-bca8-95ffb5a3d8bd', 'b4dcff93-d520-4822-9338-fb15616e5b90', '5860c1eb-5c38-46f5-a6a0-174fc9caedf8', '8aca389f-4a70-4287-a318-6c42ee5dbca5');
        

        -- Additional Pokemon for gary_oak to make 6 total
        INSERT INTO pokemon_table (pokemon_id, date_caught, pokemon_name, nickname, type, level, experience_points, trainer_id, attack, health, ability1, ability2, ability3, ability4)
        VALUES ('d4e5f607-a809-0123-de2a-234567890123', now(), 'Wartortle', 'Aqua', 'Water', 5, 110, '1dc1642c-3977-46cb-90ed-7b286dc1806e', 27, 58, '0d6bfbc8-d17e-4c66-a8a1-06d65475f00f', 'debaf730-cb24-4a75-861d-b144a426968f', 'ac5ca494-93de-4f3b-91b1-6627d4375105', 'b4dcff93-d520-4822-9338-fb15616e5b90');
        

        INSERT INTO pokemon_table (pokemon_id, date_caught, pokemon_name, nickname, type, level, experience_points, trainer_id, attack, health, ability1, ability2, ability3, ability4)
        VALUES ('e5f6a708-b900-1234-e2ab-345678901234', now(), 'Nidoking', 'King', 'Poison', 7, 145, '1dc1642c-3977-46cb-90ed-7b286dc1806e', 32, 75, '8aca389f-4a70-4287-a318-6c42ee5dbca5', '5a3c4072-1779-4609-bca8-95ffb5a3d8bd', '2e3f4a5b-6c7d-8e9f-0a1b-2c3d4e5f6a7b', '5860c1eb-5c38-46f5-a6a0-174fc9caedf8');

        -- Additional Pokemon for brock_boulder (reserve Pokemon not in active party)
        INSERT INTO pokemon_table (pokemon_id, date_caught, pokemon_name, nickname, type, level, experience_points, trainer_id, attack, health, ability1, ability2, ability3, ability4)
        VALUES ('f6a7b8c9-d0e1-2345-f6a7-456789012345', now(), 'Graveler', 'Boulder', 'Rock', 5, 115, 'e9c30ce7-f62e-464d-ba22-39b936172b57', 28, 65, '5a3c4072-1779-4609-bca8-95ffb5a3d8bd', '1d2e3f4a-5b6c-7d8e-9f0a-1b2c3d4e5f6a', '5860c1eb-5c38-46f5-a6a0-174fc9caedf8', 'cca84005-5a30-4e0d-a6df-1a8fa61654ad');
        
        INSERT INTO pokemon_table (pokemon_id, date_caught, pokemon_name, nickname, type, level, experience_points, trainer_id, attack, health, ability1, ability2, ability3, ability4)
        VALUES ('a7b8c9d0-e123-4567-a7b8-567890123456', now(), 'Rhyhorn', 'Drill', 'Rock', 4, 95, 'e9c30ce7-f62e-464d-ba22-39b936172b57', 26, 60, '5860c1eb-5c38-46f5-a6a0-174fc9caedf8', '1d2e3f4a-5b6c-7d8e-9f0a-1b2c3d4e5f6a', '5a3c4072-1779-4609-bca8-95ffb5a3d8bd', 'cca84005-5a30-4e0d-a6df-1a8fa61654ad');
        
        INSERT INTO pokemon_table (pokemon_id, date_caught, pokemon_name, nickname, type, level, experience_points, trainer_id, attack, health, ability1, ability2, ability3, ability4)
        VALUES ('b8c9d0e1-2345-6789-b8c9-678901234567', now(), 'Machop', 'Fighter', 'Fighting', 3, 75, 'e9c30ce7-f62e-464d-ba22-39b936172b57', 24, 50, 'cca84005-5a30-4e0d-a6df-1a8fa61654ad', 'af429222-27d5-4771-abae-46d76f234ab4', '5a3c4072-1779-4609-bca8-95ffb5a3d8bd', '8aca389f-4a70-4287-a318-6c42ee5dbca5');
        
        INSERT INTO pokemon_table (pokemon_id, date_caught, pokemon_name, nickname, type, level, experience_points, trainer_id, attack, health, ability1, ability2, ability3, ability4)
        VALUES ('c9d0e123-4567-890a-c9d0-789012345678', now(), 'Sandslash', 'Spike', 'Ground', 5, 105, 'e9c30ce7-f62e-464d-ba22-39b936172b57', 30, 55, '5a3c4072-1779-4609-bca8-95ffb5a3d8bd', 'af429222-27d5-4771-abae-46d76f234ab4', '1d2e3f4a-5b6c-7d8e-9f0a-1b2c3d4e5f6a', '5860c1eb-5c38-46f5-a6a0-174fc9caedf8');
        
        INSERT INTO pokemon_table (pokemon_id, date_caught, pokemon_name, nickname, type, level, experience_points, trainer_id, attack, health, ability1, ability2, ability3, ability4)
        VALUES ('d0e12345-6789-0abc-d0e1-890123456789', now(), 'Golem', 'Mountain', 'Rock', 6, 140, 'e9c30ce7-f62e-464d-ba22-39b936172b57', 35, 80, '5a3c4072-1779-4609-bca8-95ffb5a3d8bd', '1d2e3f4a-5b6c-7d8e-9f0a-1b2c3d4e5f6a', '5860c1eb-5c38-46f5-a6a0-174fc9caedf8', 'b4dcff93-d520-4822-9338-fb15616e5b90');

        -- Additional Pokemon for ash_ketchum to fill remaining slots
        INSERT INTO pokemon_table (pokemon_id, date_caught, pokemon_name, nickname, type, level, experience_points, trainer_id, attack, health, ability1, ability2, ability3, ability4)
        VALUES ('f1a2b3c4-d5e6-7890-1234-567890abcdef', now(), 'Pidgey', 'Wing', 'Flying', 2, 45, 'b0fedc38-990f-4ff1-befb-11fca4357462', 12, 28, '4a5b6c7d-8e9f-0a1b-2c3d-4e5f6a7b8c9d', 'af429222-27d5-4771-abae-46d76f234ab4', 'cca84005-5a30-4e0d-a6df-1a8fa61654ad', '43fe0f77-06aa-491b-a03f-a1a9ed7b47d2');
        
        INSERT INTO pokemon_table (pokemon_id, date_caught, pokemon_name, nickname, type, level, experience_points, trainer_id, attack, health, ability1, ability2, ability3, ability4)
        VALUES ('a2b3c4d5-e6f7-8901-2345-678901bcdef2', now(), 'Caterpie', 'Crawler', 'Bug', 3, 35, 'b0fedc38-990f-4ff1-befb-11fca4357462', 14, 30, 'cca84005-5a30-4e0d-a6df-1a8fa61654ad', '8c4cfe4d-479f-4fb7-9403-6fc2a0bd0520', 'f8dcf60b-604b-4ca9-9e16-c44d79996497', '2e3f4a5b-6c7d-8e9f-0a1b-2c3d4e5f6a7b');
        
        INSERT INTO pokemon_table (pokemon_id, date_caught, pokemon_name, nickname, type, level, experience_points, trainer_id, attack, health, ability1, ability2, ability3, ability4)
        VALUES ('b3c4d5e6-f7a8-9012-3456-789012cdefab', now(), 'Rattata', 'Speedy', 'Normal', 2, 40, 'b0fedc38-990f-4ff1-befb-11fca4357462', 13, 25, 'af429222-27d5-4771-abae-46d76f234ab4', 'cca84005-5a30-4e0d-a6df-1a8fa61654ad', '43fe0f77-06aa-491b-a03f-a1a9ed7b47d2', '2e3f4a5b-6c7d-8e9f-0a1b-2c3d4e5f6a7b');
        
        INSERT INTO pokemon_table (pokemon_id, date_caught, pokemon_name, nickname, type, level, experience_points, trainer_id, attack, health, ability1, ability2, ability3, ability4)
        VALUES ('c4d5e6f7-a8b9-0123-4567-890123defabc', now(), 'Spearow', 'Peck', 'Flying', 3, 50, 'b0fedc38-990f-4ff1-befb-11fca4357462', 16, 32, '4a5b6c7d-8e9f-0a1b-2c3d-4e5f6a7b8c9d', 'af429222-27d5-4771-abae-46d76f234ab4', 'cca84005-5a30-4e0d-a6df-1a8fa61654ad', '09dfc037-616a-4274-8a9a-e26f03229738');

        -- Additional Pokemon for misty_wtr to fill remaining slots
        INSERT INTO pokemon_table (pokemon_id, date_caught, pokemon_name, nickname, type, level, experience_points, trainer_id, attack, health, ability1, ability2, ability3, ability4)
        VALUES ('a5e6f7a8-b9c0-1234-5678-901234eaabcd', now(), 'Psyduck', 'Aqua', 'Water', 4, 80, '6dfb5c6c-8008-4df1-8642-c284e0007a3a', 18, 45, 'debaf730-cb24-4a75-861d-b144a426968f', '8aca389f-4a70-4287-a318-6c42ee5dbca5', '3f4a5b6c-7d8e-9f0a-1b2c-3d4e5f6a7b8c', 'ac5ca494-93de-4f3b-91b1-6627d4375105');
        
        INSERT INTO pokemon_table (pokemon_id, date_caught, pokemon_name, nickname, type, level, experience_points, trainer_id, attack, health, ability1, ability2, ability3, ability4)
        VALUES ('b6f7a8b9-c0d1-2345-6789-012345faabcd', now(), 'Goldeen', 'Fin', 'Water', 5, 95, '6dfb5c6c-8008-4df1-8642-c284e0007a3a', 22, 50, 'debaf730-cb24-4a75-861d-b144a426968f', '0d6bfbc8-d17e-4c66-a8a1-06d65475f00f', 'af429222-27d5-4771-abae-46d76f234ab4', 'ac5ca494-93de-4f3b-91b1-6627d4375105');
        
        INSERT INTO pokemon_table (pokemon_id, date_caught, pokemon_name, nickname, type, level, experience_points, trainer_id, attack, health, ability1, ability2, ability3, ability4)
        VALUES ('c7a8b9c0-d1e2-3456-7890-123456abbcde', now(), 'Staryu', 'Star', 'Water', 3, 65, '6dfb5c6c-8008-4df1-8642-c284e0007a3a', 15, 38, 'debaf730-cb24-4a75-861d-b144a426968f', '8aca389f-4a70-4287-a318-6c42ee5dbca5', 'b4dcff93-d520-4822-9338-fb15616e5b90', 'ac5ca494-93de-4f3b-91b1-6627d4375105');
        
        INSERT INTO pokemon_table (pokemon_id, date_caught, pokemon_name, nickname, type, level, experience_points, trainer_id, attack, health, ability1, ability2, ability3, ability4)
        VALUES ('d8b9c0d1-e2f3-4567-8901-234567bccdef', now(), 'Horsea', 'Seahorse', 'Water', 4, 70, '6dfb5c6c-8008-4df1-8642-c284e0007a3a', 17, 42, 'debaf730-cb24-4a75-861d-b144a426968f', 'ac5ca494-93de-4f3b-91b1-6627d4375105', 'b4dcff93-d520-4822-9338-fb15616e5b90', '0d6bfbc8-d17e-4c66-a8a1-06d65475f00f');

        -- Additional Pokemon for may_travel to fill remaining slots
        INSERT INTO pokemon_table (pokemon_id, date_caught, pokemon_name, nickname, type, level, experience_points, trainer_id, attack, health, ability1, ability2, ability3, ability4)
        VALUES ('e9c0d1e2-f3a4-5678-9012-345678cddefa', now(), 'Meowth', 'Cute', 'Normal', 3, 55, '05ceec13-64d5-4345-8df9-84ca4b135a79', 16, 35, 'cca84005-5a30-4e0d-a6df-1a8fa61654ad', 'af429222-27d5-4771-abae-46d76f234ab4', '43fe0f77-06aa-491b-a03f-a1a9ed7b47d2', '3f4a5b6c-7d8e-9f0a-1b2c-3d4e5f6a7b8c');
        
        INSERT INTO pokemon_table (pokemon_id, date_caught, pokemon_name, nickname, type, level, experience_points, trainer_id, attack, health, ability1, ability2, ability3, ability4)
        VALUES ('f0d1e2f3-a4b5-6789-0123-456789deefab', now(), 'Butterfree', 'Flutter', 'Flying', 6, 125, '05ceec13-64d5-4345-8df9-84ca4b135a79', 28, 55, '4a5b6c7d-8e9f-0a1b-2c3d-4e5f6a7b8c9d', '8c4cfe4d-479f-4fb7-9403-6fc2a0bd0520', 'af429222-27d5-4771-abae-46d76f234ab4', 'f8dcf60b-604b-4ca9-9e16-c44d79996497');

        -- Pokemon for lt_surge_elec (Electric-type gym leader)
        INSERT INTO pokemon_table (pokemon_id, date_caught, pokemon_name, nickname, type, level, experience_points, trainer_id, attack, health, ability1, ability2, ability3, ability4)
        VALUES ('c4d5e6f7-a8b9-0123-4567-890123def012', now(), 'Raichu', 'Thunder', 'Electric', 8, 180, 'f1e2d3c4-b5a6-7890-1234-567890abcdef', 35, 65, 'b6842384-4b76-4ca9-b49e-ef7c3a6a10ed', '0c1d2e3f-4a5b-6c7d-8e9f-0a1b2c3d4e5f', '43fe0f77-06aa-491b-a03f-a1a9ed7b47d2', 'af429222-27d5-4771-abae-46d76f234ab4');
        
        INSERT INTO pokemon_table (pokemon_id, date_caught, pokemon_name, nickname, type, level, experience_points, trainer_id, attack, health, ability1, ability2, ability3, ability4)
        VALUES ('d5e6f7a8-b9c0-1234-5678-901234ef0123', now(), 'Voltorb', 'Bomb', 'Electric', 6, 120, 'f1e2d3c4-b5a6-7890-1234-567890abcdef', 28, 40, 'b6842384-4b76-4ca9-b49e-ef7c3a6a10ed', '43fe0f77-06aa-491b-a03f-a1a9ed7b47d2', 'cca84005-5a30-4e0d-a6df-1a8fa61654ad', 'af429222-27d5-4771-abae-46d76f234ab4');
        
        INSERT INTO pokemon_table (pokemon_id, date_caught, pokemon_name, nickname, type, level, experience_points, trainer_id, attack, health, ability1, ability2, ability3, ability4)
        VALUES ('e6f7a8b9-c0d1-2345-6789-012345f01234', now(), 'Magnemite', 'Magnet', 'Electric', 7, 145, 'f1e2d3c4-b5a6-7890-1234-567890abcdef', 30, 48, 'b6842384-4b76-4ca9-b49e-ef7c3a6a10ed', '0c1d2e3f-4a5b-6c7d-8e9f-0a1b2c3d4e5f', '43fe0f77-06aa-491b-a03f-a1a9ed7b47d2', '8aca389f-4a70-4287-a318-6c42ee5dbca5');
        
        INSERT INTO pokemon_table (pokemon_id, date_caught, pokemon_name, nickname, type, level, experience_points, trainer_id, attack, health, ability1, ability2, ability3, ability4)
        VALUES ('f7a8b9c0-d1e2-3456-7890-123456012345', now(), 'Electabuzz', 'Shock', 'Electric', 9, 200, 'f1e2d3c4-b5a6-7890-1234-567890abcdef', 38, 70, 'b6842384-4b76-4ca9-b49e-ef7c3a6a10ed', '0c1d2e3f-4a5b-6c7d-8e9f-0a1b2c3d4e5f', 'cca84005-5a30-4e0d-a6df-1a8fa61654ad', '43fe0f77-06aa-491b-a03f-a1a9ed7b47d2');
        
        INSERT INTO pokemon_table (pokemon_id, date_caught, pokemon_name, nickname, type, level, experience_points, trainer_id, attack, health, ability1, ability2, ability3, ability4)
        VALUES ('a8b9c0d1-e2f3-4567-8901-234567123456', now(), 'Jolteon', 'Spike', 'Electric', 8, 175, 'f1e2d3c4-b5a6-7890-1234-567890abcdef', 33, 58, 'b6842384-4b76-4ca9-b49e-ef7c3a6a10ed', 'af429222-27d5-4771-abae-46d76f234ab4', '0c1d2e3f-4a5b-6c7d-8e9f-0a1b2c3d4e5f', '43fe0f77-06aa-491b-a03f-a1a9ed7b47d2');
        
        INSERT INTO pokemon_table (pokemon_id, date_caught, pokemon_name, nickname, type, level, experience_points, trainer_id, attack, health, ability1, ability2, ability3, ability4)
        VALUES ('b9c0d1e2-f3a4-5678-9012-345678234567', now(), 'Zapdos', 'Storm', 'Electric', 10, 250, 'f1e2d3c4-b5a6-7890-1234-567890abcdef', 42, 85, 'b6842384-4b76-4ca9-b49e-ef7c3a6a10ed', '0c1d2e3f-4a5b-6c7d-8e9f-0a1b2c3d4e5f', '4a5b6c7d-8e9f-0a1b-2c3d-4e5f6a7b8c9d', '5a3c4072-1779-4609-bca8-95ffb5a3d8bd');

        -- Pokemon for sabrina_psychic (Psychic-type gym leader)
        INSERT INTO pokemon_table (pokemon_id, date_caught, pokemon_name, nickname, type, level, experience_points, trainer_id, attack, health, ability1, ability2, ability3, ability4)
        VALUES ('c0d1e2f3-a4b5-6789-0123-456789def345', now(), 'Alakazam', 'Mind', 'Psychic', 9, 220, 'a2b3c4d5-e6f7-8901-2345-678901bcdef0', 40, 62, '8aca389f-4a70-4287-a318-6c42ee5dbca5', '3f4a5b6c-7d8e-9f0a-1b2c-3d4e5f6a7b8c', 'af429222-27d5-4771-abae-46d76f234ab4', '43fe0f77-06aa-491b-a03f-a1a9ed7b47d2');
        
        INSERT INTO pokemon_table (pokemon_id, date_caught, pokemon_name, nickname, type, level, experience_points, trainer_id, attack, health, ability1, ability2, ability3, ability4)
        VALUES ('d1e2f3a4-b5c6-7890-1234-567890ef3456', now(), 'Kadabra', 'Spoon', 'Psychic', 7, 160, 'a2b3c4d5-e6f7-8901-2345-678901bcdef0', 32, 55, '8aca389f-4a70-4287-a318-6c42ee5dbca5', '3f4a5b6c-7d8e-9f0a-1b2c-3d4e5f6a7b8c', 'cca84005-5a30-4e0d-a6df-1a8fa61654ad', 'af429222-27d5-4771-abae-46d76f234ab4');
        
        INSERT INTO pokemon_table (pokemon_id, date_caught, pokemon_name, nickname, type, level, experience_points, trainer_id, attack, health, ability1, ability2, ability3, ability4)
        VALUES ('e2f3a4b5-c6d7-8901-2345-678901f34567', now(), 'Slowbro', 'Shell', 'Psychic', 8, 185, 'a2b3c4d5-e6f7-8901-2345-678901bcdef0', 35, 75, '8aca389f-4a70-4287-a318-6c42ee5dbca5', 'debaf730-cb24-4a75-861d-b144a426968f', '0d6bfbc8-d17e-4c66-a8a1-06d65475f00f', 'b4dcff93-d520-4822-9338-fb15616e5b90');
        
        INSERT INTO pokemon_table (pokemon_id, date_caught, pokemon_name, nickname, type, level, experience_points, trainer_id, attack, health, ability1, ability2, ability3, ability4)
        VALUES ('f3a4b5c6-d7e8-9012-3456-789012345678', now(), 'Hypno', 'Dream', 'Psychic', 7, 170, 'a2b3c4d5-e6f7-8901-2345-678901bcdef0', 34, 68, '8aca389f-4a70-4287-a318-6c42ee5dbca5', '3f4a5b6c-7d8e-9f0a-1b2c-3d4e5f6a7b8c', 'f8dcf60b-604b-4ca9-9e16-c44d79996497', '43fe0f77-06aa-491b-a03f-a1a9ed7b47d2');
        
        INSERT INTO pokemon_table (pokemon_id, date_caught, pokemon_name, nickname, type, level, experience_points, trainer_id, attack, health, ability1, ability2, ability3, ability4)
        VALUES ('a4b5c6d7-e8f9-0123-4567-890123456789', now(), 'Jynx', 'Kiss', 'Psychic', 8, 190, 'a2b3c4d5-e6f7-8901-2345-678901bcdef0', 36, 64, '8aca389f-4a70-4287-a318-6c42ee5dbca5', 'b4dcff93-d520-4822-9338-fb15616e5b90', '3f4a5b6c-7d8e-9f0a-1b2c-3d4e5f6a7b8c', 'f8dcf60b-604b-4ca9-9e16-c44d79996497');
        
        INSERT INTO pokemon_table (pokemon_id, date_caught, pokemon_name, nickname, type, level, experience_points, trainer_id, attack, health, ability1, ability2, ability3, ability4)
        VALUES ('b5c6d7e8-f9a0-1234-5678-901234567890', now(), 'Mewtwo', 'Genesis', 'Psychic', 12, 350, 'a2b3c4d5-e6f7-8901-2345-678901bcdef0', 50, 95, '8aca389f-4a70-4287-a318-6c42ee5dbca5', '3f4a5b6c-7d8e-9f0a-1b2c-3d4e5f6a7b8c', 'b6842384-4b76-4ca9-b49e-ef7c3a6a10ed', '5a3c4072-1779-4609-bca8-95ffb5a3d8bd');

        -- Pokemon for erika_nature (Grass-type gym leader)
        INSERT INTO pokemon_table (pokemon_id, date_caught, pokemon_name, nickname, type, level, experience_points, trainer_id, attack, health, ability1, ability2, ability3, ability4)
        VALUES ('c6d7e8f9-a0b1-2345-6789-012345def678', now(), 'Vileplume', 'Petal', 'Grass', 8, 195, 'b3c4d5e6-f7a8-9012-3456-789012cdef01', 36, 72, '8c4cfe4d-479f-4fb7-9403-6fc2a0bd0520', 'c880e241-5296-4286-885c-d59819248be3', 'f8dcf60b-604b-4ca9-9e16-c44d79996497', '7f8a9b0c-1d2e-3f4a-5b6c-7d8e9f0a1b2c');
        
        INSERT INTO pokemon_table (pokemon_id, date_caught, pokemon_name, nickname, type, level, experience_points, trainer_id, attack, health, ability1, ability2, ability3, ability4)
        VALUES ('d7e8f9a0-b1c2-3456-7890-123456ef6789', now(), 'Victreebel', 'Trap', 'Grass', 7, 165, 'b3c4d5e6-f7a8-9012-3456-789012cdef01', 32, 68, '8c4cfe4d-479f-4fb7-9403-6fc2a0bd0520', 'c880e241-5296-4286-885c-d59819248be3', 'f8dcf60b-604b-4ca9-9e16-c44d79996497', '2e3f4a5b-6c7d-8e9f-0a1b-2c3d4e5f6a7b');
        
        INSERT INTO pokemon_table (pokemon_id, date_caught, pokemon_name, nickname, type, level, experience_points, trainer_id, attack, health, ability1, ability2, ability3, ability4)
        VALUES ('e8f9a0b1-c2d3-4567-8901-234567f67890', now(), 'Tangela', 'Vine', 'Grass', 6, 140, 'b3c4d5e6-f7a8-9012-3456-789012cdef01', 28, 60, '8c4cfe4d-479f-4fb7-9403-6fc2a0bd0520', 'c880e241-5296-4286-885c-d59819248be3', 'f8dcf60b-604b-4ca9-9e16-c44d79996497', '5a3c4072-1779-4609-bca8-95ffb5a3d8bd');
        
        INSERT INTO pokemon_table (pokemon_id, date_caught, pokemon_name, nickname, type, level, experience_points, trainer_id, attack, health, ability1, ability2, ability3, ability4)
        VALUES ('f9a0b1c2-d3e4-5678-9012-345678678901', now(), 'Exeggutor', 'Coconut', 'Grass', 9, 210, 'b3c4d5e6-f7a8-9012-3456-789012cdef01', 38, 78, '8c4cfe4d-479f-4fb7-9403-6fc2a0bd0520', '8aca389f-4a70-4287-a318-6c42ee5dbca5', '7f8a9b0c-1d2e-3f4a-5b6c-7d8e9f0a1b2c', '3f4a5b6c-7d8e-9f0a-1b2c-3d4e5f6a7b8c');
        
        INSERT INTO pokemon_table (pokemon_id, date_caught, pokemon_name, nickname, type, level, experience_points, trainer_id, attack, health, ability1, ability2, ability3, ability4)
        VALUES ('a0b1c2d3-e4f5-6789-0123-456789789012', now(), 'Venomoth', 'Moth', 'Flying', 7, 155, 'b3c4d5e6-f7a8-9012-3456-789012cdef01', 30, 58, '4a5b6c7d-8e9f-0a1b-2c3d-4e5f6a7b8c9d', 'f8dcf60b-604b-4ca9-9e16-c44d79996497', '2e3f4a5b-6c7d-8e9f-0a1b-2c3d4e5f6a7b', '3f4a5b6c-7d8e-9f0a-1b2c-3d4e5f6a7b8c');
        
        INSERT INTO pokemon_table (pokemon_id, date_caught, pokemon_name, nickname, type, level, experience_points, trainer_id, attack, health, ability1, ability2, ability3, ability4)
        VALUES ('b1c2d3e4-f5a6-7890-1234-567890890123', now(), 'Parasect', 'Mushroom', 'Grass', 6, 135, 'b3c4d5e6-f7a8-9012-3456-789012cdef01', 27, 55, '8c4cfe4d-479f-4fb7-9403-6fc2a0bd0520', 'c880e241-5296-4286-885c-d59819248be3', 'f8dcf60b-604b-4ca9-9e16-c44d79996497', '5a3c4072-1779-4609-bca8-95ffb5a3d8bd');
        